<?xml version="1.0" encoding="UTF-8"?>
<project-private xmlns="http://www.netbeans.org/ns/project-private/1">
    <editor-bookmarks xmlns="http://www.netbeans.org/ns/editor-bookmarks/2" lastBookmarkId="0"/>
    <open-files xmlns="http://www.netbeans.org/ns/projectui-open-files/2">
        <group>
            <file>file:/C:/Users/Sazzad/Documents/NetBeansProjects/StudentInformation/src/LoginScreen.fxml</file>
            <file>file:/C:/Users/Sazzad/Documents/NetBeansProjects/StudentInformation/src/MainMenu.fxml</file>
            <file>file:/C:/Users/Sazzad/Documents/NetBeansProjects/StudentInformation/src/StudentInfo.fxml</file>
            <file>file:/C:/Users/Sazzad/Documents/NetBeansProjects/StudentInformation/src/ViewMenuController.java</file>
            <file>file:/C:/Users/Sazzad/Documents/NetBeansProjects/StudentInformation/src/UpdateBackgroundController.java</file>
            <file>file:/C:/Users/Sazzad/Documents/NetBeansProjects/StudentInformation/src/ViewGradeController.java</file>
            <file>file:/C:/Users/Sazzad/Documents/NetBeansProjects/StudentInformation/src/ViewBasicInfoController.java</file>
            <file>file:/C:/Users/Sazzad/Documents/NetBeansProjects/StudentInformation/src/Login.java</file>
            <file>file:/C:/Users/Sazzad/Documents/NetBeansProjects/StudentInformation/src/ViewMenu.fxml</file>
            <file>file:/C:/Users/Sazzad/Documents/NetBeansProjects/StudentInformation/src/StudentInfoController.java</file>
            <file>file:/C:/Users/Sazzad/Documents/NetBeansProjects/StudentInformation/src/UpdateBackground.fxml</file>
            <file>file:/C:/Users/Sazzad/Documents/NetBeansProjects/StudentInformation/src/UpdateMenu.fxml</file>
            <file>file:/C:/Users/Sazzad/Documents/NetBeansProjects/StudentInformation/src/ViewBasicInfo.fxml</file>
            <file>file:/C:/Users/Sazzad/Documents/NetBeansProjects/StudentInformation/src/UpdateMenuController.java</file>
            <file>file:/C:/Users/Sazzad/Documents/NetBeansProjects/StudentInformation/src/UpdateGrade.fxml</file>
            <file>file:/C:/Users/Sazzad/Documents/NetBeansProjects/StudentInformation/src/ViewGrade.fxml</file>
            <file>file:/C:/Users/Sazzad/Documents/NetBeansProjects/StudentInformation/src/LoginScreenController.java</file>
            <file>file:/C:/Users/Sazzad/Documents/NetBeansProjects/StudentInformation/src/UpdateGradeController.java</file>
        </group>
    </open-files>
</project-private>
